<?xml version="1.0" encoding="UTF-8"?>

<ModulatorEditorState CoarseGridIsOnX="1" CoarseGridIsOnY="1" FineGridIsOnX="1" FineGridIsOnY="1"
                      CoarseGridIntervalX="1" CoarseGridIntervalY="1" FineGridIntervalX="0.125"
                      FineGridIntervalY="0.0625" MinX="-0.299999" MaxX="3.299999" MinY="-0.099999"
                      MaxY="1.099999" SnapToCoarseGridX="0" SnapToCoarseGridY="0" SnapToFineGridX="1"
                      SnapToFineGridY="1" TimeScale="1" TimeScaleByKey="0" TimeScaleByVel="0"
                      Depth="1" DepthByKey="0" DepthByVel="0" UpwardSlewRateLimit="0"
                      DownwardSlewRateLimit="0" RiseTime="0" LoopMode="Forward" LoopStartIndex="2"
                      LoopEndIndex="8" SyncMode="NoSync">
  <Breakpoint Time="0" Level="0" Shape="Analog" ShapeAmount="1"/>
  <Breakpoint Time="0.5" Level="1" Shape="Analog" ShapeAmount="1"/>
  <Breakpoint Time="1" Level="0.5" Shape="Analog" ShapeAmount="1"/>
  <Breakpoint Time="1.375" Level="0.625" Shape="Smooth" ShapeAmount="1"/>
  <Breakpoint Time="1.5" Level="0.375" Shape="Smooth" ShapeAmount="1"/>
  <Breakpoint Time="1.625" Level="0.5625" Shape="Smooth" ShapeAmount="1"/>
  <Breakpoint Time="1.75" Level="0.4375" Shape="Smooth" ShapeAmount="1"/>
  <Breakpoint Time="1.875" Level="0.5625" Shape="Smooth" ShapeAmount="1"/>
  <Breakpoint Time="2" Level="0.5" Shape="Smooth" ShapeAmount="1"/>
  <Breakpoint Time="3" Level="0" Shape="Analog" ShapeAmount="1"/>
</ModulatorEditorState>
