<?xml version="1.0" encoding="UTF-8"?>

<ModulatorEditorState CoarseGridIsOnX="1" CoarseGridIsOnY="1" FineGridIsOnX="1" FineGridIsOnY="1"
                      CoarseGridIntervalX="1" CoarseGridIntervalY="1" FineGridIntervalX="0.03125"
                      FineGridIntervalY="0.0625" MinX="-0.099999" MaxX="1.099999" MinY="-0.099999"
                      MaxY="1.099999" SnapToCoarseGridX="0" SnapToCoarseGridY="0" SnapToFineGridX="1"
                      SnapToFineGridY="1" TimeScale="1" TimeScaleByKey="8.32667268e-015"
                      TimeScaleByVel="8.32667268e-015" Depth="1" DepthByKey="0" DepthByVel="0"
                      UpwardSlewRateLimit="0" UpwardSlewRateLimitByKey="0" UpwardSlewRateLimitByVel="0"
                      DownwardSlewRateLimit="0" DownwardSlewRateLimitByKey="0" DownwardSlewRateLimitByVel="0"
                      FadeInTime="0" FadeInTimeByKey="0" FadeInTimeByVel="0" FadeOutTime="0"
                      FadeOutTimeByKey="0" FadeOutTimeByVel="0" LoopMode="Forward"
                      LoopStartIndex="0" LoopEndIndex="10" SyncMode="TimeValuesAsBeats">
  <Breakpoint Time="0" Level="0.5" Shape="AntiAnalog" ShapeAmount="1"/>
  <Breakpoint Time="0.0625" Level="0.5" Shape="Analog" ShapeAmount="1"/>
  <Breakpoint Time="0.125" Level="0.0625" Shape="Analog" ShapeAmount="1"/>
  <Breakpoint Time="0.25" Level="0.75" Shape="AntiAnalog" ShapeAmount="1"/>
  <Breakpoint Time="0.375" Level="0.75" Shape="Analog" ShapeAmount="1"/>
  <Breakpoint Time="0.4375" Level="0" Shape="Analog" ShapeAmount="1"/>
  <Breakpoint Time="0.5" Level="1" Shape="Sigmoid" ShapeAmount="1"/>
  <Breakpoint Time="0.625" Level="1" Shape="Analog" ShapeAmount="1"/>
  <Breakpoint Time="0.84375" Level="0" Shape="Sigmoid" ShapeAmount="1.307"/>
  <Breakpoint Time="0.96875" Level="0" Shape="Spikey" ShapeAmount="1"/>
  <Breakpoint Time="1" Level="0.5" Shape="Sigmoid" ShapeAmount="0.618"/>
</ModulatorEditorState>
