<?xml version="1.0" encoding="UTF-8"?>

<ModulatorEditorState CoarseGridIsOnX="1" CoarseGridIsOnY="1" FineGridIsOnX="1" FineGridIsOnY="1"
                      CoarseGridIntervalX="1" CoarseGridIntervalY="1" FineGridIntervalX="0.125"
                      FineGridIntervalY="0.0625" MinX="-0.1" MaxX="1.1" MinY="-0.099986"
                      MaxY="1.099986" SnapToCoarseGridX="0" SnapToCoarseGridY="0" SnapToFineGridX="1"
                      SnapToFineGridY="1" TimeScale="1" TimeScaleByKey="8.32667268e-015"
                      TimeScaleByVel="8.32667268e-015" Depth="1" DepthByKey="0" DepthByVel="0"
                      UpwardSlewRateLimit="0.01" UpwardSlewRateLimitByKey="0" UpwardSlewRateLimitByVel="0"
                      DownwardSlewRateLimit="0.0187" DownwardSlewRateLimitByKey="0"
                      DownwardSlewRateLimitByVel="0" FadeInTime="0" FadeInTimeByKey="0"
                      FadeInTimeByVel="0" FadeInIsOn="0" FadeOutTime="0" FadeOutTimeByKey="0"
                      FadeOutTimeByVel="0" FadeOutIsOn="0" ReleaseIsOn="0" LoopMode="Forward"
                      LoopStartIndex="0" LoopEndIndex="8" SyncMode="TimeValuesAsBeats">
  <Breakpoint Time="0" Level="1.00000001" Shape="Smooth" ShapeAmount="1"/>
  <Breakpoint Time="0.0625" Level="-0" Shape="Smooth" ShapeAmount="1"/>
  <Breakpoint Time="0.25" Level="0.8125" Shape="Smooth" ShapeAmount="1"/>
  <Breakpoint Time="0.375" Level="0.0625" Shape="Smooth" ShapeAmount="1"/>
  <Breakpoint Time="0.5" Level="0.3125" Shape="Smooth" ShapeAmount="1"/>
  <Breakpoint Time="0.625" Level="0.5625" Shape="Smooth" ShapeAmount="1"/>
  <Breakpoint Time="0.75" Level="0.4375" Shape="Smooth" ShapeAmount="1"/>
  <Breakpoint Time="0.875" Level="0" Shape="Smooth" ShapeAmount="1"/>
  <Breakpoint Time="1.00000001" Level="1.00000001" Shape="Smooth" ShapeAmount="1"/>
</ModulatorEditorState>
