<?xml version="1.0" encoding="UTF-8"?>

<ModulatorState TimeScale="1" TimeScaleByKey="0" TimeScaleByVel="0" Depth="1"
                DepthByKey="0" DepthByVel="0" UpwardSlewRateLimit="0" UpwardSlewRateLimitByKey="0"
                UpwardSlewRateLimitByVel="0" DownwardSlewRateLimit="0" DownwardSlewRateLimitByKey="0"
                DownwardSlewRateLimitByVel="0" FadeInTime="0" FadeInTimeByKey="0"
                FadeInTimeByVel="0" FadeInIsOn="0" FadeOutTime="0" FadeOutTimeByKey="0"
                FadeOutTimeByVel="0" FadeOutIsOn="0" ReleaseIsOn="1" LoopMode="Forward"
                LoopStartIndex="3" LoopEndIndex="6" SyncMode="TimeValuesAsBeats"
                ModulationSource="Breakpoints" ModulationTarget="Panorama" PanRule="Constant Power"
                FilterMode="Lowpass 6 dB/oct" FilterTwoStages="0" FilterFrequency="1000"
                FilterQ="1" FilterGain="0" InterpolationMethod="Linear" ModulationMode="Additive"
                BaseDelay="0.01" ControllerNumber="7" Scale="1" Offset="0">
  <Breakpoint Time="0" Level="0" Shape="Smooth" ShapeAmount="1"/>
  <Breakpoint Time="0.25" Level="0.25" Shape="Smooth" ShapeAmount="1"/>
  <Breakpoint Time="0.75" Level="-0.25" Shape="Smooth" ShapeAmount="1"/>
  <Breakpoint Time="1" Level="-0" Shape="Smooth" ShapeAmount="1"/>
  <Breakpoint Time="1.25" Level="0.75" Shape="Smooth" ShapeAmount="1"/>
  <Breakpoint Time="1.75" Level="-0.75" Shape="Smooth" ShapeAmount="1"/>
  <Breakpoint Time="2" Level="-0" Shape="Smooth" ShapeAmount="1"/>
  <Breakpoint Time="3" Level="0" Shape="Smooth" ShapeAmount="1"/>
</ModulatorState>
