<?xml version="1.0" encoding="UTF-8"?>

<ModulatorState TimeScale="1" TimeScaleByKey="0" TimeScaleByVel="0" Depth="1"
                DepthByKey="0" DepthByVel="0" UpwardSlewRateLimit="0" UpwardSlewRateLimitByKey="0"
                UpwardSlewRateLimitByVel="0" DownwardSlewRateLimit="0" DownwardSlewRateLimitByKey="0"
                DownwardSlewRateLimitByVel="0" FadeInTime="0" FadeInTimeByKey="0"
                FadeInTimeByVel="0" FadeInIsOn="0" FadeOutTime="0" FadeOutTimeByKey="0"
                FadeOutTimeByVel="0" FadeOutIsOn="0" ReleaseIsOn="1" LoopMode="Forward"
                LoopStartIndex="3" LoopEndIndex="7" SyncMode="TimeValuesAsBeats"
                ModulationSource="Breakpoints" ModulationTarget="Delay" PanRule="Constant Power"
                FilterMode="Lowpass 12 dB/oct" FilterTwoStages="0" FilterFrequency="358.82"
                FilterQ="4.13" FilterGain="0" InterpolationMethod="Linear" ModulationMode="Additive"
                BaseDelay="0.0652" ControllerNumber="7" Scale="1" Offset="0">
  <Breakpoint Time="0" Level="4" Shape="Analog" ShapeAmount="1"/>
  <Breakpoint Time="0.1875" Level="0.625" Shape="Analog" ShapeAmount="1"/>
  <Breakpoint Time="0.4375" Level="0" Shape="Analog" ShapeAmount="1"/>
  <Breakpoint Time="1" Level="2" Shape="Analog" ShapeAmount="1"/>
  <Breakpoint Time="1.125" Level="0.25" Shape="Analog" ShapeAmount="1"/>
  <Breakpoint Time="1.375" Level="-0" Shape="Analog" ShapeAmount="1"/>
  <Breakpoint Time="1.5625" Level="1" Shape="Analog" ShapeAmount="1"/>
  <Breakpoint Time="2" Level="2" Shape="AntiAnalog" ShapeAmount="1"/>
  <Breakpoint Time="3" Level="0" Shape="Analog" ShapeAmount="1"/>
</ModulatorState>
