<?xml version="1.0" encoding="UTF-8"?>

<ModulatorState TimeScale="1" TimeScaleByKey="8.32667268e-015" TimeScaleByVel="8.32667268e-015"
                Depth="1" DepthByKey="0" DepthByVel="0" UpwardSlewRateLimit="0"
                UpwardSlewRateLimitByKey="0" UpwardSlewRateLimitByVel="0" DownwardSlewRateLimit="0"
                DownwardSlewRateLimitByKey="0" DownwardSlewRateLimitByVel="0"
                FadeInTime="0.516" FadeInTimeByKey="0" FadeInTimeByVel="0" FadeInIsOn="1"
                FadeOutTime="0.5" FadeOutTimeByKey="0" FadeOutTimeByVel="0" FadeOutIsOn="1"
                ReleaseIsOn="0" LoopMode="Forward" LoopStartIndex="0" LoopEndIndex="10"
                SyncMode="NoSync" ModulationSource="Breakpoints" ModulationTarget="Filter-Frequency"
                PanRule="Constant Power" FilterMode="Lowpass 12 dB/oct" FilterTwoStages="0"
                FilterFrequency="1000" FilterQ="1" FilterGain="0" InterpolationMethod="Linear"
                ModulationMode="Additive" BaseDelay="0.01" ControllerNumber="7"
                Scale="1" Offset="0">
  <Breakpoint Time="0" Level="4" Shape="Spikey" ShapeAmount="2.356"/>
  <Breakpoint Time="0.0625" Level="0.5" Shape="Spikey" ShapeAmount="2.356"/>
  <Breakpoint Time="0.1875" Level="1" Shape="Spikey" ShapeAmount="2.356"/>
  <Breakpoint Time="0.3125" Level="1" Shape="Spikey" ShapeAmount="2.356"/>
  <Breakpoint Time="0.375" Level="3" Shape="Spikey" ShapeAmount="2.356"/>
  <Breakpoint Time="0.4375" Level="0.5" Shape="Spikey" ShapeAmount="2.356"/>
  <Breakpoint Time="0.5625" Level="2" Shape="Spikey" ShapeAmount="2.356"/>
  <Breakpoint Time="0.6875" Level="2" Shape="Spikey" ShapeAmount="2.356"/>
  <Breakpoint Time="0.8125" Level="3" Shape="Spikey" ShapeAmount="2.356"/>
  <Breakpoint Time="0.9375" Level="3" Shape="Spikey" ShapeAmount="2.356"/>
  <Breakpoint Time="1" Level="4" Shape="Spikey" ShapeAmount="2.356"/>
</ModulatorState>
