<?xml version="1.0" encoding="UTF-8"?>

<ModulatorState TimeScale="1" TimeScaleByKey="8.32667268e-015" TimeScaleByVel="8.32667268e-015"
                Depth="1" DepthByKey="0" DepthByVel="0" UpwardSlewRateLimit="0"
                UpwardSlewRateLimitByKey="0" UpwardSlewRateLimitByVel="0" DownwardSlewRateLimit="0"
                DownwardSlewRateLimitByKey="0" DownwardSlewRateLimitByVel="0"
                FadeInTime="0" FadeInTimeByKey="0" FadeInTimeByVel="0" FadeInIsOn="0"
                FadeOutTime="0" FadeOutTimeByKey="0" FadeOutTimeByVel="0" FadeOutIsOn="0"
                ReleaseIsOn="1" LoopMode="Forward" LoopStartIndex="0" LoopEndIndex="7"
                SyncMode="TimeValuesAsBeats" ModulationSource="Breakpoints" ModulationTarget="Filter-Frequency"
                PanRule="Constant Power" FilterMode="Lowpass 6 dB/oct" FilterTwoStages="0"
                FilterFrequency="933.815" FilterQ="1" FilterGain="0" InterpolationMethod="Linear"
                ModulationMode="Additive" BaseDelay="0.01" ControllerNumber="7"
                Scale="1" Offset="0">
  <Breakpoint Time="0" Level="4" Shape="AntiAnalog" ShapeAmount="1"/>
  <Breakpoint Time="0.1" Level="0.2" Shape="Sigmoid" ShapeAmount="1"/>
  <Breakpoint Time="0.2" Level="2" Shape="AntiAnalog" ShapeAmount="1.307"/>
  <Breakpoint Time="0.4" Level="1" Shape="Sigmoid" ShapeAmount="1"/>
  <Breakpoint Time="0.6" Level="2" Shape="Sigmoid" ShapeAmount="1"/>
  <Breakpoint Time="0.7" Level="3" Shape="Sigmoid" ShapeAmount="1"/>
  <Breakpoint Time="0.9375" Level="-0" Shape="Sigmoid" ShapeAmount="1"/>
  <Breakpoint Time="1" Level="4" Shape="Sigmoid" ShapeAmount="0.618"/>
</ModulatorState>
