<?xml version="1.0" encoding="UTF-8"?>

<ModulatorState TimeScale="1" TimeScaleByKey="8.32667268e-015" TimeScaleByVel="8.32667268e-015"
                Depth="1" DepthByKey="0" DepthByVel="0" UpwardSlewRateLimit="0"
                UpwardSlewRateLimitByKey="0" UpwardSlewRateLimitByVel="0" DownwardSlewRateLimit="0"
                DownwardSlewRateLimitByKey="0" DownwardSlewRateLimitByVel="0"
                FadeInTime="0.615" FadeInTimeByKey="0" FadeInTimeByVel="0" FadeInIsOn="1"
                FadeOutTime="0.599" FadeOutTimeByKey="0" FadeOutTimeByVel="0"
                FadeOutIsOn="1" ReleaseIsOn="0" LoopMode="Forward" LoopStartIndex="0"
                LoopEndIndex="9" SyncMode="NoSync" ModulationSource="Breakpoints"
                ModulationTarget="Filter-Frequency" PanRule="Constant Power"
                FilterMode="Lowpass 12 dB/oct" FilterTwoStages="0" FilterFrequency="231.218272"
                FilterQ="1.21" FilterGain="13.57" InterpolationMethod="Linear"
                ModulationMode="Additive" BaseDelay="0.01" ControllerNumber="7"
                Scale="1" Offset="0">
  <Breakpoint Time="0" Level="4" Shape="Spikey" ShapeAmount="1.901"/>
  <Breakpoint Time="0.1" Level="0.5" Shape="Spikey" ShapeAmount="1.901"/>
  <Breakpoint Time="0.3" Level="1.5" Shape="Spikey" ShapeAmount="1.901"/>
  <Breakpoint Time="0.4" Level="2" Shape="Spikey" ShapeAmount="1.901"/>
  <Breakpoint Time="0.5" Level="0.25" Shape="Spikey" ShapeAmount="1.901"/>
  <Breakpoint Time="0.6" Level="3" Shape="Spikey" ShapeAmount="1.901"/>
  <Breakpoint Time="0.7" Level="0.5" Shape="Spikey" ShapeAmount="1.901"/>
  <Breakpoint Time="0.8" Level="2" Shape="Spikey" ShapeAmount="1.901"/>
  <Breakpoint Time="0.9" Level="1" Shape="Spikey" ShapeAmount="1.901"/>
  <Breakpoint Time="1" Level="4" Shape="Spikey" ShapeAmount="1.901"/>
</ModulatorState>
