<?xml version="1.0" encoding="UTF-8"?>

<ModulatorEditorState CoarseGridIsOnX="1" CoarseGridIsOnY="1" FineGridIsOnX="1" FineGridIsOnY="1"
                      CoarseGridIntervalX="1" CoarseGridIntervalY="1" FineGridIntervalX="0.0625"
                      FineGridIntervalY="0.0625" MinX="-0.099999" MaxX="1.099999" MinY="-0.099999"
                      MaxY="1.099999" SnapToCoarseGridX="0" SnapToCoarseGridY="0" SnapToFineGridX="1"
                      SnapToFineGridY="1" TimeScale="1" TimeScaleByKey="8.32667268e-015"
                      TimeScaleByVel="8.32667268e-015" Depth="1" DepthByKey="0" DepthByVel="0"
                      UpwardSlewRateLimit="0.01" UpwardSlewRateLimitByKey="0" UpwardSlewRateLimitByVel="0"
                      DownwardSlewRateLimit="0.0187" DownwardSlewRateLimitByKey="0"
                      DownwardSlewRateLimitByVel="0" FadeInTime="0" FadeInTimeByKey="0"
                      FadeInTimeByVel="0" FadeInIsOn="0" FadeOutTime="0.287" FadeOutTimeByKey="0"
                      FadeOutTimeByVel="0" FadeOutIsOn="0" ReleaseIsOn="1" LoopMode="Forward"
                      LoopStartIndex="0" LoopEndIndex="8" SyncMode="TimeValuesAsBeats">
  <Breakpoint Time="0" Level="0.4375" Shape="AntiAnalog" ShapeAmount="1"/>
  <Breakpoint Time="0.0625" Level="-0" Shape="AntiAnalog" ShapeAmount="1"/>
  <Breakpoint Time="0.25" Level="0.0625" Shape="AntiAnalog" ShapeAmount="1"/>
  <Breakpoint Time="0.4375" Level="0" Shape="AntiAnalog" ShapeAmount="1"/>
  <Breakpoint Time="0.5" Level="1" Shape="AntiAnalog" ShapeAmount="1"/>
  <Breakpoint Time="0.6875" Level="-0" Shape="AntiAnalog" ShapeAmount="1"/>
  <Breakpoint Time="0.8125" Level="0.125" Shape="AntiAnalog" ShapeAmount="1"/>
  <Breakpoint Time="0.875" Level="0" Shape="AntiAnalog" ShapeAmount="1"/>
  <Breakpoint Time="1" Level="0.4375" Shape="AntiAnalog" ShapeAmount="1"/>
</ModulatorEditorState>
