<?xml version="1.0" encoding="UTF-8"?>

<ModulatorEditorState CoarseGridIsOnX="1" CoarseGridIsOnY="1" FineGridIsOnX="1" FineGridIsOnY="1"
                      CoarseGridIntervalX="1" CoarseGridIntervalY="1" FineGridIntervalX="0.25"
                      FineGridIntervalY="0.125" MinX="-0.3" MaxX="3.3" MinY="-0.099999"
                      MaxY="1.099999" SnapToCoarseGridX="0" SnapToCoarseGridY="0" SnapToFineGridX="1"
                      SnapToFineGridY="1" TimeScale="1" TimeScaleByKey="0" TimeScaleByVel="0"
                      Depth="1" DepthByKey="0" DepthByVel="0" UpwardSlewRateLimit="0"
                      DownwardSlewRateLimit="0" FadeInTime="0" FadeOutTime="0" LoopMode="Forward"
                      LoopStartIndex="0" LoopEndIndex="7" SyncMode="TimeValuesAsBeats">
  <Breakpoint Time="0" Level="1" Shape="Analog" ShapeAmount="1"/>
  <Breakpoint Time="0.25" Level="0" Shape="Analog" ShapeAmount="1"/>
  <Breakpoint Time="0.5" Level="0.875" Shape="Analog" ShapeAmount="1"/>
  <Breakpoint Time="0.75" Level="0" Shape="Analog" ShapeAmount="1"/>
  <Breakpoint Time="1" Level="0.5" Shape="Analog" ShapeAmount="1"/>
  <Breakpoint Time="1.5" Level="0" Shape="Analog" ShapeAmount="1"/>
  <Breakpoint Time="1.75" Level="0.75" Shape="Analog" ShapeAmount="1"/>
  <Breakpoint Time="2" Level="1" Shape="AntiAnalog" ShapeAmount="1"/>
  <Breakpoint Time="3" Level="1" Shape="Analog" ShapeAmount="1"/>
</ModulatorEditorState>
