<?xml version="1.0" encoding="UTF-8"?>

<ModulatorState TimeScale="1" TimeScaleByKey="8.32667268e-015" TimeScaleByVel="8.32667268e-015"
                Depth="1" DepthByKey="0" DepthByVel="0" UpwardSlewRateLimit="0"
                UpwardSlewRateLimitByKey="0" UpwardSlewRateLimitByVel="0" DownwardSlewRateLimit="0"
                DownwardSlewRateLimitByKey="0" DownwardSlewRateLimitByVel="0"
                FadeInTime="0" FadeInTimeByKey="0" FadeInTimeByVel="0" FadeInIsOn="0"
                FadeOutTime="0" FadeOutTimeByKey="0" FadeOutTimeByVel="0" FadeOutIsOn="0"
                ReleaseIsOn="1" LoopMode="Forward" LoopStartIndex="0" LoopEndIndex="8"
                SyncMode="NoSync" ModulationSource="Breakpoints" ModulationTarget="Filter-Frequency"
                PanRule="Constant Power" FilterMode="Bandpass 2*6 dB/oct" FilterTwoStages="0"
                FilterFrequency="1000" FilterQ="1" FilterGain="0" InterpolationMethod="Linear"
                ModulationMode="Additive" BaseDelay="0.01" ControllerNumber="7"
                Scale="1" Offset="0">
  <Breakpoint Time="0" Level="1" Shape="Analog" ShapeAmount="1.239"/>
  <Breakpoint Time="0.2" Level="4" Shape="Analog" ShapeAmount="1.239"/>
  <Breakpoint Time="0.3" Level="2" Shape="Analog" ShapeAmount="1.239"/>
  <Breakpoint Time="0.4" Level="0.25" Shape="Analog" ShapeAmount="1.239"/>
  <Breakpoint Time="0.5" Level="2" Shape="Analog" ShapeAmount="1.239"/>
  <Breakpoint Time="0.6" Level="1" Shape="Analog" ShapeAmount="1.239"/>
  <Breakpoint Time="0.702836879" Level="1.46222247" Shape="Analog" ShapeAmount="1.239"/>
  <Breakpoint Time="0.8" Level="3" Shape="Analog" ShapeAmount="1.239"/>
  <Breakpoint Time="1" Level="1" Shape="Analog" ShapeAmount="1.239"/>
</ModulatorState>
